id,name
1,61a7929f16f88
2,61a7929f16f9a
3,61a7929f16fa5
4,61a7929f16fb0
5,61a7929f16fb9
6,61a7929f16fc3
7,61a7929f16fcd
8,61a7929f16fd7
9,61a7929f16fe1
10,61a7929f16fea
11,61a7929f16ff4
12,61a7929f16ffe
13,61a7929f17008
14,61a7929f17012
15,61a7929f1701b
16,61a7929f17025
17,61a7929f17043
18,61a7929f17054
19,61a7929f1705f
20,61a7929f17069
21,61a7929f17073
22,61a7929f1707d
23,61a7929f17086
24,61a7929f17090
25,61a7929f1709a
26,61a7929f170a4
27,61a7929f170ad
28,61a7929f170b7
29,61a7929f170c1
30,61a7929f170ca
31,61a7929f170d4
32,61a7929f170de
33,61a7929f170e7
34,61a7929f170f1
35,61a7929f170fa
36,61a7929f17104
37,61a7929f1710e
38,61a7929f17117
39,61a7929f17121
40,61a7929f1712a
41,61a7929f17134
42,61a7929f17211
43,61a7929f17217
44,61a7929f1721a
45,61a7929f1721e
46,61a7929f17221
47,61a7929f17224
48,61a7929f17228
49,61a7929f1722b
50,61a7929f1722e
51,61a7929f17231
52,61a7929f17235
53,61a7929f17238
54,61a7929f1723b
55,61a7929f1723e
56,61a7929f17242
57,61a7929f17245
58,61a7929f17248
59,61a7929f1724b
60,61a7929f1724f
61,61a7929f17252
62,61a7929f17255
63,61a7929f17258
64,61a7929f1725b
65,61a7929f1725f
66,61a7929f17262
67,61a7929f17265
68,61a7929f17268
69,61a7929f1726b
70,61a7929f1726f
71,61a7929f17272
72,61a7929f17275
73,61a7929f17278
74,61a7929f1727c
75,61a7929f1727f
76,61a7929f17282
77,61a7929f17285
78,61a7929f17288
79,61a7929f1728c
80,61a7929f1728f
81,61a7929f17292
82,61a7929f17295
83,61a7929f17298
84,61a7929f1729c
85,61a7929f1729f
86,61a7929f172a2
87,61a7929f172a5
88,61a7929f172a8
89,61a7929f172ac
90,61a7929f172af
91,61a7929f172b2
92,61a7929f172b5
93,61a7929f172b8
94,61a7929f172bc
95,61a7929f172bf
96,61a7929f172c2
97,61a7929f172c5
98,61a7929f172c8
99,61a7929f172cc
100,61a7929f172cf
101,61a7929f172d2
102,61a7929f172d5
103,61a7929f172d9
104,61a7929f172e0
105,61a7929f172e5
106,61a7929f172eb
107,61a7929f172f1
108,61a7929f172f7
109,61a7929f172fd
110,61a7929f17301
111,61a7929f17308
112,61a7929f1730c
113,61a7929f17310
114,61a7929f17313
115,61a7929f17316
116,61a7929f1731a
117,61a7929f1731d
118,61a7929f17320
119,61a7929f17324
120,61a7929f17327
121,61a7929f1732a
122,61a7929f1732e
123,61a7929f17331
124,61a7929f17335
125,61a7929f1733a
126,61a7929f1733f
127,61a7929f17344
128,61a7929f17347
129,61a7929f1734a
130,61a7929f1734e
131,61a7929f17351
132,61a7929f17354
133,61a7929f17357
134,61a7929f1735b
135,61a7929f1735e
136,61a7929f17361
137,61a7929f17364
138,61a7929f17368
139,61a7929f1736b
140,61a7929f1736e
141,61a7929f17372
142,61a7929f17375
143,61a7929f17378
144,61a7929f1737b
145,61a7929f1737e
146,61a7929f17382
147,61a7929f17385
148,61a7929f17388
149,61a7929f1738c
150,61a7929f1738f
151,61a7929f17394
152,61a7929f1739a
153,61a7929f1739e
154,61a7929f173a1
155,61a7929f173a4
156,61a7929f173a9
157,61a7929f173d6
158,61a7929f173dc
159,61a7929f173df
160,61a7929f173e3
161,61a7929f173e6
162,61a7929f173f0
163,61a7929f1740b
164,61a7929f17412
165,61a7929f17419
166,61a7929f17420
167,61a7929f17427
168,61a7929f1742e
169,61a7929f17434
170,61a7929f1743b
171,61a7929f17441
172,61a7929f17447
173,61a7929f1744e
174,61a7929f17454
175,61a7929f1745b
176,61a7929f17461
177,61a7929f17468
178,61a7929f1746e
179,61a7929f17474
180,61a7929f1747b
181,61a7929f17481
182,61a7929f17487
183,61a7929f1748e
184,61a7929f17494
185,61a7929f1749a
186,61a7929f174a1
187,61a7929f174a7
188,61a7929f174ad
189,61a7929f174b4
190,61a7929f174ba
191,61a7929f174c0
192,61a7929f174c7
193,61a7929f174cd
194,61a7929f174d4
195,61a7929f174da
196,61a7929f174e1
197,61a7929f174e7
198,61a7929f174ed
199,61a7929f174f4
